date,asset_id,close,adj_close
2021-08-19,000905.SH,6947.0564,6947.0564
2021-08-20,000905.SH,6920.0248,6920.0248
2021-08-23,000905.SH,7024.5647,7024.5647
2021-08-24,000905.SH,7090.7817,7090.7817
2021-08-25,000905.SH,7153.0043,7153.0043
2021-08-26,000905.SH,7118.8442,7118.8442
2021-08-27,000905.SH,7180.1088,7180.1088
2021-08-30,000905.SH,7226.8823,7226.8823
2021-08-31,000905.SH,7255.3418,7255.3418
2021-09-01,000905.SH,7193.1,7193.1
2021-09-02,000905.SH,7307.0084,7307.0084
2021-09-03,000905.SH,7278.6809,7278.6809
2021-09-06,000905.SH,7355.4013,7355.4013
2021-09-07,000905.SH,7498.9255,7498.9255
2021-09-08,000905.SH,7544.0411,7544.0411
2021-09-09,000905.SH,7617.4505,7617.4505
2021-09-10,000905.SH,7607.6749,7607.6749
2021-09-13,000905.SH,7648.7481,7648.7481
2021-09-14,000905.SH,7556.6157,7556.6157
2021-09-15,000905.SH,7592.3059,7592.3059
2021-09-16,000905.SH,7446.9353,7446.9353
2021-09-17,000905.SH,7395.5645,7395.5645
2021-09-22,000905.SH,7453.6247,7453.6247
2021-09-23,000905.SH,7502.8391,7502.8391
2021-09-24,000905.SH,7380.3843,7380.3843
2021-09-27,000905.SH,7170.5899,7170.5899
2021-09-28,000905.SH,7198.8966,7198.8966
2021-09-29,000905.SH,7010.2192,7010.2192
2021-09-30,000905.SH,7103.6076,7103.6076
2021-10-08,000905.SH,7091.3356,7091.3356
2021-10-11,000905.SH,7090.4673,7090.4673
2021-10-12,000905.SH,6952.1903,6952.1903
2021-10-13,000905.SH,6981.5947,6981.5947
2021-10-14,000905.SH,7008.3326,7008.3326
2021-10-15,000905.SH,7024.1596,7024.1596
2021-10-18,000905.SH,7068.1048,7068.1048
2021-10-19,000905.SH,7120.3794,7120.3794
2021-10-20,000905.SH,7118.7959,7118.7959
2021-10-21,000905.SH,7098.2542,7098.2542
2021-10-22,000905.SH,7026.0676,7026.0676
2021-10-25,000905.SH,7103.9856,7103.9856
2021-10-26,000905.SH,7102.4335,7102.4335
2021-10-27,000905.SH,7048.604,7048.604
2021-10-28,000905.SH,6950.2768,6950.2768
2021-10-29,000905.SH,7022.4992,7022.4992
2021-11-01,000905.SH,7060.756,7060.756
2021-11-02,000905.SH,6985.0998,6985.0998
2021-11-03,000905.SH,7017.8541,7017.8541
2021-11-04,000905.SH,7073.8522,7073.8522
2021-11-05,000905.SH,6991.9077,6991.9077
2021-11-08,000905.SH,7026.9715,7026.9715
2021-11-09,000905.SH,7081.7539,7081.7539
2021-11-10,000905.SH,7062.3313,7062.3313
2021-11-11,000905.SH,7119.8589,7119.8589
2021-11-12,000905.SH,7156.6127,7156.6127
2021-11-15,000905.SH,7098.2129,7098.2129
2021-11-16,000905.SH,7045.9387,7045.9387
2021-11-17,000905.SH,7104.5344,7104.5344
2021-11-18,000905.SH,7084.6827,7084.6827
2021-11-19,000905.SH,7169.8759,7169.8759
2021-11-22,000905.SH,7255.0736,7255.0736
2021-11-23,000905.SH,7261.3791,7261.3791
2021-11-24,000905.SH,7256.1117,7256.1117
2021-11-25,000905.SH,7233.5423,7233.5423
2021-11-26,000905.SH,7219.8622,7219.8622
2021-11-29,000905.SH,7221.8978,7221.8978
2021-11-30,000905.SH,7252.7552,7252.7552
2021-12-01,000905.SH,7272.837,7272.837
2021-12-02,000905.SH,7229.988,7229.988
2021-12-03,000905.SH,7301.9173,7301.9173
2021-12-06,000905.SH,7240.4558,7240.4558
2021-12-07,000905.SH,7206.8257,7206.8257
2021-12-08,000905.SH,7302.9905,7302.9905
2021-12-09,000905.SH,7320.3177,7320.3177
2021-12-10,000905.SH,7306.646,7306.646
2021-12-13,000905.SH,7353.0306,7353.0306
2021-12-14,000905.SH,7324.1331,7324.1331
2021-12-15,000905.SH,7314.2586,7314.2586
2021-12-16,000905.SH,7380.9974,7380.9974
2021-12-17,000905.SH,7314.5601,7314.5601
2021-12-20,000905.SH,7195.9732,7195.9732
2021-12-21,000905.SH,7275.4675,7275.4675
2021-12-22,000905.SH,7302.463,7302.463
2021-12-23,000905.SH,7337.19,7337.19
2021-12-24,000905.SH,7278.7556,7278.7556
2021-12-27,000905.SH,7272.7493,7272.7493
2021-12-28,000905.SH,7286.0336,7286.0336
2021-12-29,000905.SH,7247.7741,7247.7741
2021-12-30,000905.SH,7310.96,7310.96
2021-12-31,000905.SH,7359.4024,7359.4024
2022-01-04,000905.SH,7354.4562,7354.4562
2022-01-05,000905.SH,7222.6747,7222.6747
2022-01-06,000905.SH,7229.9601,7229.9601
2022-01-07,000905.SH,7175.676,7175.676
2022-01-10,000905.SH,7191.4511,7191.4511
2022-01-11,000905.SH,7135.2232,7135.2232
2022-01-12,000905.SH,7196.9327,7196.9327
2022-01-13,000905.SH,7097.7594,7097.7594
2022-01-14,000905.SH,7081.1408,7081.1408
2022-01-17,000905.SH,7157.8593,7157.8593
2022-01-18,000905.SH,7163.1586,7163.1586
2022-01-19,000905.SH,7118.762,7118.762
2022-01-20,000905.SH,7056.7854,7056.7854
2022-01-21,000905.SH,6976.6155,6976.6155
2022-01-24,000905.SH,6979.2456,6979.2456
2022-01-25,000905.SH,6743.9566,6743.9566
2022-01-26,000905.SH,6782.5763,6782.5763
2022-01-27,000905.SH,6605.9159,6605.9159
2022-01-28,000905.SH,6580.53,6580.53
2022-02-07,000905.SH,6676.6122,6676.6122
2022-02-08,000905.SH,6742.1921,6742.1921
2022-02-09,000905.SH,6843.0271,6843.0271
2022-02-10,000905.SH,6840.485,6840.485
2022-02-11,000905.SH,6745.0235,6745.0235
2022-02-14,000905.SH,6695.6958,6695.6958
2022-02-15,000905.SH,6760.2776,6760.2776
2022-02-16,000905.SH,6772.0336,6772.0336
2022-02-17,000905.SH,6768.7888,6768.7888
2022-02-18,000905.SH,6835.0217,6835.0217
2022-02-21,000905.SH,6867.1129,6867.1129
2022-02-22,000905.SH,6784.7622,6784.7622
2022-02-23,000905.SH,6887.4236,6887.4236
2022-02-24,000905.SH,6764.8756,6764.8756
2022-02-25,000905.SH,6819.4311,6819.4311
2022-02-28,000905.SH,6853.3081,6853.3081
2022-03-01,000905.SH,6874.0447,6874.0447
2022-03-02,000905.SH,6875.2404,6875.2404
2022-03-03,000905.SH,6859.5522,6859.5522
2022-03-04,000905.SH,6803.8337,6803.8337
2022-03-07,000905.SH,6659.3902,6659.3902
2022-03-08,000905.SH,6429.8888,6429.8888
2022-03-09,000905.SH,6305.6093,6305.6093
2022-03-10,000905.SH,6414.9402,6414.9402
2022-03-11,000905.SH,6474.1269,6474.1269
2022-03-14,000905.SH,6323.5779,6323.5779
2022-03-15,000905.SH,5964.9813,5964.9813
2022-03-16,000905.SH,6156.2714,6156.2714
2022-03-17,000905.SH,6267.5244,6267.5244
2022-03-18,000905.SH,6332.2166,6332.2166
2022-03-21,000905.SH,6358.943,6358.943
2022-03-22,000905.SH,6358.1093,6358.1093
2022-03-23,000905.SH,6398.1009,6398.1009
2022-03-24,000905.SH,6344.115,6344.115
2022-03-25,000905.SH,6268.2376,6268.2376
2022-03-28,000905.SH,6283.2814,6283.2814
2022-03-29,000905.SH,6253.0692,6253.0692
2022-03-30,000905.SH,6377.8744,6377.8744
2022-03-31,000905.SH,6324.9609,6324.9609
2022-04-01,000905.SH,6364.5206,6364.5206
2022-04-06,000905.SH,6356.9271,6356.9271
2022-04-07,000905.SH,6221.5908,6221.5908
2022-04-08,000905.SH,6224.1167,6224.1167
2022-04-11,000905.SH,6029.8935,6029.8935
2022-04-12,000905.SH,6126.9065,6126.9065
2022-04-13,000905.SH,6044.3263,6044.3263
2022-04-14,000905.SH,6126.4902,6126.4902
2022-04-15,000905.SH,6070.7489,6070.7489
2022-04-18,000905.SH,6074.0069,6074.0069
2022-04-19,000905.SH,6092.3963,6092.3963
2022-04-20,000905.SH,5956.9208,5956.9208
2022-04-21,000905.SH,5759.8013,5759.8013
2022-04-22,000905.SH,5740.9844,5740.9844
2022-04-25,000905.SH,5369.7171,5369.7171
2022-04-26,000905.SH,5234.0059,5234.0059
2022-04-27,000905.SH,5437.0374,5437.0374
2022-04-28,000905.SH,5418.7641,5418.7641
2022-04-29,000905.SH,5627.9021,5627.9021
2022-05-05,000905.SH,5686.7023,5686.7023
2022-05-06,000905.SH,5563.7693,5563.7693
2022-05-09,000905.SH,5608.5162,5608.5162
2022-05-10,000905.SH,5690.0868,5690.0868
2022-05-11,000905.SH,5737.8173,5737.8173
2022-05-12,000905.SH,5743.1007,5743.1007
2022-05-13,000905.SH,5796.8014,5796.8014
2022-05-16,000905.SH,5791.0809,5791.0809
2022-05-17,000905.SH,5816.3379,5816.3379
2022-05-18,000905.SH,5797.4896,5797.4896
2022-05-19,000905.SH,5838.4074,5838.4074
2022-05-20,000905.SH,5929.4882,5929.4882
2022-05-23,000905.SH,5965.7277,5965.7277
2022-05-24,000905.SH,5745.6751,5745.6751
2022-05-25,000905.SH,5844.2546,5844.2546
2022-05-26,000905.SH,5911.5607,5911.5607
2022-05-27,000905.SH,5899.915,5899.915
2022-05-30,000905.SH,5942.8317,5942.8317
2022-05-31,000905.SH,6026.2373,6026.2373
2022-06-01,000905.SH,6023.644,6023.644
2022-06-02,000905.SH,6078.4349,6078.4349
2022-06-06,000905.SH,6187.4441,6187.4441
2022-06-07,000905.SH,6186.5672,6186.5672
2022-06-08,000905.SH,6217.8276,6217.8276
2022-06-09,000905.SH,6130.6862,6130.6862
2022-06-10,000905.SH,6240.1032,6240.1032
2022-06-13,000905.SH,6233.6194,6233.6194
2022-06-14,000905.SH,6275.5652,6275.5652
2022-06-15,000905.SH,6261.0613,6261.0613
2022-06-16,000905.SH,6264.822,6264.822
2022-06-17,000905.SH,6316.3092,6316.3092
2022-06-20,000905.SH,6330.3942,6330.3942
2022-06-21,000905.SH,6277.0014,6277.0014
2022-06-22,000905.SH,6179.57,6179.57
2022-06-23,000905.SH,6300.4746,6300.4746
2022-06-24,000905.SH,6368.2827,6368.2827
2022-06-27,000905.SH,6407.7447,6407.7447
2022-06-28,000905.SH,6501.352,6501.352
2022-06-29,000905.SH,6374.2974,6374.2974
2022-06-30,000905.SH,6454.0778,6454.0778
2022-07-01,000905.SH,6438.5375,6438.5375
2022-07-04,000905.SH,6523.1311,6523.1311
2022-07-05,000905.SH,6511.5297,6511.5297
2022-07-06,000905.SH,6418.5453,6418.5453
2022-07-07,000905.SH,6452.9863,6452.9863
2022-07-08,000905.SH,6404.4393,6404.4393
2022-07-11,000905.SH,6319.1402,6319.1402
2022-07-12,000905.SH,6241.4793,6241.4793
2022-07-13,000905.SH,6268.4943,6268.4943
2022-07-14,000905.SH,6302.4319,6302.4319
2022-07-15,000905.SH,6196.7999,6196.7999
2022-07-18,000905.SH,6312.3557,6312.3557
2022-07-19,000905.SH,6335.7093,6335.7093
2022-07-20,000905.SH,6410.7088,6410.7088
2022-07-21,000905.SH,6347.5984,6347.5984
2022-07-22,000905.SH,6289.5325,6289.5325
2022-07-25,000905.SH,6231.2355,6231.2355
2022-07-26,000905.SH,6307.956,6307.956
2022-07-27,000905.SH,6332.2327,6332.2327
2022-07-28,000905.SH,6348.1655,6348.1655
2022-07-29,000905.SH,6294.1144,6294.1144
2022-08-01,000905.SH,6347.2211,6347.2211
2022-08-02,000905.SH,6169.9961,6169.9961
2022-08-03,000905.SH,6124.3146,6124.3146
2022-08-04,000905.SH,6158.7346,6158.7346
2022-08-05,000905.SH,6270.5113,6270.5113
2022-08-08,000905.SH,6323.0746,6323.0746
2022-08-09,000905.SH,6341.4806,6341.4806
2022-08-10,000905.SH,6322.0558,6322.0558
2022-08-11,000905.SH,6439.3586,6439.3586
2022-08-12,000905.SH,6420.853,6420.853
2022-08-15,000905.SH,6442.8093,6442.8093
2022-08-16,000905.SH,6465.1866,6465.1866
2022-08-17,000905.SH,6493.5047,6493.5047
2022-08-18,000905.SH,6468.8056,6468.8056
2022-08-19,000905.SH,6391.7159,6391.7159
2022-08-22,000905.SH,6472.6799,6472.6799
2022-08-23,000905.SH,6466.4045,6466.4045
2022-08-24,000905.SH,6284.5769,6284.5769
2022-08-25,000905.SH,6322.6961,6322.6961
2022-08-26,000905.SH,6298.3739,6298.3739
2022-08-29,000905.SH,6310.402,6310.402
2022-08-30,000905.SH,6285.9273,6285.9273
2022-08-31,000905.SH,6155.7455,6155.7455
2022-09-01,000905.SH,6126.7685,6126.7685
2022-09-02,000905.SH,6149.4273,6149.4273
2022-09-05,000905.SH,6182.6465,6182.6465
2022-09-06,000905.SH,6291.5707,6291.5707
2022-09-07,000905.SH,6301.5644,6301.5644
2022-09-08,000905.SH,6272.5752,6272.5752
2022-09-09,000905.SH,6316.9724,6316.9724
2022-09-13,000905.SH,6300.422,6300.422
2022-09-14,000905.SH,6249.963,6249.963
2022-09-15,000905.SH,6107.7964,6107.7964
2022-09-16,000905.SH,5954.5037,5954.5037
2022-09-19,000905.SH,5913.1493,5913.1493
2022-09-20,000905.SH,5958.2922,5958.2922
2022-09-21,000905.SH,5978.581,5978.581
2022-09-22,000905.SH,5965.8854,5965.8854
2022-09-23,000905.SH,5889.6019,5889.6019
2022-09-26,000905.SH,5806.3181,5806.3181
2022-09-27,000905.SH,5920.0531,5920.0531
2022-09-28,000905.SH,5769.5198,5769.5198
2022-09-29,000905.SH,5771.8812,5771.8812
2022-09-30,000905.SH,5714.0629,5714.0629
2022-10-10,000905.SH,5635.7109,5635.7109
2022-10-11,000905.SH,5684.5063,5684.5063
2022-10-12,000905.SH,5820.4537,5820.4537
2022-10-13,000905.SH,5830.3355,5830.3355
2022-10-14,000905.SH,5973.4389,5973.4389
2022-10-17,000905.SH,6015.5963,6015.5963
2022-10-18,000905.SH,6035.6737,6035.6737
2022-10-19,000905.SH,5972.7226,5972.7226
2022-10-20,000905.SH,5948.8621,5948.8621
2022-10-21,000905.SH,5956.8811,5956.8811
2022-10-24,000905.SH,5896.9031,5896.9031
2022-10-25,000905.SH,5869.781,5869.781
2022-10-26,000905.SH,5971.6009,5971.6009
2022-10-27,000905.SH,5963.0037,5963.0037
2022-10-28,000905.SH,5781.7972,5781.7972
2022-10-31,000905.SH,5807.1063,5807.1063
2022-11-01,000905.SH,5941.1451,5941.1451
2022-11-02,000905.SH,5997.8038,5997.8038
2022-11-03,000905.SH,5996.7187,5996.7187
2022-11-04,000905.SH,6133.4629,6133.4629
2022-11-07,000905.SH,6141.4088,6141.4088
2022-11-08,000905.SH,6134.2564,6134.2564
2022-11-09,000905.SH,6120.8286,6120.8286
2022-11-10,000905.SH,6089.6951,6089.6951
2022-11-11,000905.SH,6138.6211,6138.6211
2022-11-14,000905.SH,6129.5129,6129.5129
2022-11-15,000905.SH,6236.3838,6236.3838
2022-11-16,000905.SH,6203.9174,6203.9174
2022-11-17,000905.SH,6217.2052,6217.2052
2022-11-18,000905.SH,6191.6477,6191.6477
2022-11-21,000905.SH,6189.7092,6189.7092
2022-11-22,000905.SH,6125.3999,6125.3999
2022-11-23,000905.SH,6115.6049,6115.6049
2022-11-24,000905.SH,6120.0659,6120.0659
2022-11-25,000905.SH,6087.8591,6087.8591
2022-11-28,000905.SH,6055.2843,6055.2843
2022-11-29,000905.SH,6163.8214,6163.8214
2022-11-30,000905.SH,6156.1465,6156.1465
2022-12-01,000905.SH,6186.1021,6186.1021
2022-12-02,000905.SH,6168.0127,6168.0127
2022-12-05,000905.SH,6215.1244,6215.1244
2022-12-06,000905.SH,6211.2515,6211.2515
2022-12-07,000905.SH,6204.0051,6204.0051
2022-12-08,000905.SH,6186.2835,6186.2835
2022-12-09,000905.SH,6192.3009,6192.3009
2022-12-12,000905.SH,6154.8092,6154.8092
2022-12-13,000905.SH,6121.6615,6121.6615
2022-12-14,000905.SH,6096.3856,6096.3856
2022-12-15,000905.SH,6101.8787,6101.8787
2022-12-16,000905.SH,6072.8627,6072.8627
2022-12-19,000905.SH,5936.4751,5936.4751
2022-12-20,000905.SH,5878.0314,5878.0314
2022-12-21,000905.SH,5845.835,5845.835
2022-12-22,000905.SH,5779.0555,5779.0555
2022-12-23,000905.SH,5763.3458,5763.3458
2022-12-26,000905.SH,5843.2555,5843.2555
2022-12-27,000905.SH,5885.6622,5885.6622
2022-12-28,000905.SH,5862.0967,5862.0967
2022-12-29,000905.SH,5857.4021,5857.4021
2022-12-30,000905.SH,5864.4669,5864.4669
2023-01-03,000905.SH,5955.8969,5955.8969
2023-01-04,000905.SH,5952.4538,5952.4538
2023-01-05,000905.SH,6010.4641,6010.4641
2023-01-06,000905.SH,6012.8152,6012.8152
2023-01-09,000905.SH,6040.0193,6040.0193
2023-01-10,000905.SH,6048.2968,6048.2968
2023-01-11,000905.SH,6014.1565,6014.1565
2023-01-12,000905.SH,6015.2871,6015.2871
2023-01-13,000905.SH,6057.6902,6057.6902
2023-01-16,000905.SH,6126.1772,6126.1772
2023-01-17,000905.SH,6132.6391,6132.6391
2023-01-18,000905.SH,6151.4557,6151.4557
2023-01-19,000905.SH,6204.3261,6204.3261
2023-01-20,000905.SH,6251.4337,6251.4337
2023-01-30,000905.SH,6283.3272,6283.3272
2023-01-31,000905.SH,6289.15,6289.15
2023-02-01,000905.SH,6365.9051,6365.9051
2023-02-02,000905.SH,6370.1411,6370.1411
2023-02-03,000905.SH,6343.6861,6343.6861
2023-02-06,000905.SH,6302.3349,6302.3349
2023-02-07,000905.SH,6317.2377,6317.2377
2023-02-08,000905.SH,6268.2759,6268.2759
2023-02-09,000905.SH,6354.562,6354.562
2023-02-10,000905.SH,6334.252,6334.252
2023-02-13,000905.SH,6383.8279,6383.8279
2023-02-14,000905.SH,6397.2146,6397.2146
2023-02-15,000905.SH,6384.3479,6384.3479
2023-02-16,000905.SH,6289.4786,6289.4786
2023-02-17,000905.SH,6237.4053,6237.4053
2023-02-20,000905.SH,6346.0678,6346.0678
2023-02-21,000905.SH,6383.4248,6383.4248
2023-02-22,000905.SH,6375.0684,6375.0684
2023-02-23,000905.SH,6360.3202,6360.3202
2023-02-24,000905.SH,6340.8435,6340.8435
2023-02-27,000905.SH,6307.2057,6307.2057
2023-02-28,000905.SH,6357.5352,6357.5352
2023-03-01,000905.SH,6402.1411,6402.1411
2023-03-02,000905.SH,6382.2322,6382.2322
2023-03-03,000905.SH,6390.3177,6390.3177
2023-03-06,000905.SH,6395.2191,6395.2191
2023-03-07,000905.SH,6284.2986,6284.2986
2023-03-08,000905.SH,6301.5157,6301.5157
2023-03-09,000905.SH,6285.9521,6285.9521
2023-03-10,000905.SH,6204.8989,6204.8989
2023-03-13,000905.SH,6245.0029,6245.0029
2023-03-14,000905.SH,6189.3969,6189.3969
2023-03-15,000905.SH,6224.64,6224.64
2023-03-16,000905.SH,6140.8317,6140.8317
2023-03-17,000905.SH,6183.1843,6183.1843
2023-03-20,000905.SH,6160.3541,6160.3541
2023-03-21,000905.SH,6234.6793,6234.6793
2023-03-22,000905.SH,6269.7384,6269.7384
2023-03-23,000905.SH,6305.7585,6305.7585
2023-03-24,000905.SH,6310.0979,6310.0979
2023-03-27,000905.SH,6311.5998,6311.5998
2023-03-28,000905.SH,6279.9217,6279.9217
2023-03-29,000905.SH,6260.551,6260.551
2023-03-30,000905.SH,6286.1773,6286.1773
2023-03-31,000905.SH,6339.8183,6339.8183
2023-04-03,000905.SH,6413.8073,6413.8073
2023-04-04,000905.SH,6408.8994,6408.8994
2023-04-06,000905.SH,6416.8456,6416.8456
2023-04-07,000905.SH,6464.4664,6464.4664
2023-04-10,000905.SH,6410.5218,6410.5218
2023-04-11,000905.SH,6420.877,6420.877
2023-04-12,000905.SH,6443.4391,6443.4391
2023-04-13,000905.SH,6404.6463,6404.6463
2023-04-14,000905.SH,6431.0688,6431.0688
2023-04-17,000905.SH,6459.2396,6459.2396
2023-04-18,000905.SH,6449.8531,6449.8531
2023-04-19,000905.SH,6416.9696,6416.9696
2023-04-20,000905.SH,6411.7564,6411.7564
2023-04-21,000905.SH,6250.5446,6250.5446
2023-04-24,000905.SH,6208.7797,6208.7797
2023-04-25,000905.SH,6118.1526,6118.1526
2023-04-26,000905.SH,6142.1541,6142.1541
2023-04-27,000905.SH,6157.936,6157.936
2023-04-28,000905.SH,6241.2441,6241.2441
2023-05-04,000905.SH,6262.3891,6262.3891
2023-05-05,000905.SH,6200.5759,6200.5759
2023-05-08,000905.SH,6248.5828,6248.5828
2023-05-09,000905.SH,6181.9757,6181.9757
2023-05-10,000905.SH,6173.8093,6173.8093
2023-05-11,000905.SH,6154.4703,6154.4703
2023-05-12,000905.SH,6091.6464,6091.6464
2023-05-15,000905.SH,6159.3888,6159.3888
2023-05-16,000905.SH,6110.8271,6110.8271
2023-05-17,000905.SH,6122.0518,6122.0518
2023-05-18,000905.SH,6128.1762,6128.1762
2023-05-19,000905.SH,6117.0833,6117.0833
2023-05-22,000905.SH,6115.3151,6115.3151
2023-05-23,000905.SH,6052.4297,6052.4297
2023-05-24,000905.SH,6005.7913,6005.7913
2023-05-25,000905.SH,5988.1885,5988.1885
2023-05-26,000905.SH,6034.9834,6034.9834
2023-05-29,000905.SH,6025.1552,6025.1552
2023-05-30,000905.SH,6061.3089,6061.3089
2023-05-31,000905.SH,6047.8021,6047.8021
2023-06-01,000905.SH,6051.4603,6051.4603
2023-06-02,000905.SH,6105.2181,6105.2181
2023-06-05,000905.SH,6097.1059,6097.1059
2023-06-06,000905.SH,5983.4202,5983.4202
2023-06-07,000905.SH,5987.011,5987.011
2023-06-08,000905.SH,5966.1477,5966.1477
2023-06-09,000905.SH,6009.5826,6009.5826
2023-06-12,000905.SH,6027.7122,6027.7122
2023-06-13,000905.SH,6044.0371,6044.0371
2023-06-14,000905.SH,6044.0766,6044.0766
2023-06-15,000905.SH,6096.8075,6096.8075
2023-06-16,000905.SH,6148.0125,6148.0125
2023-06-19,000905.SH,6131.3849,6131.3849
2023-06-20,000905.SH,6126.1133,6126.1133
2023-06-21,000905.SH,5990.8455,5990.8455
2023-06-26,000905.SH,5887.0324,5887.0324
2023-06-27,000905.SH,5948.0029,5948.0029
2023-06-28,000905.SH,5942.3112,5942.3112
2023-06-29,000905.SH,5940.5782,5940.5782
2023-06-30,000905.SH,5998.7293,5998.7293
2023-07-03,000905.SH,6042.3122,6042.3122
2023-07-04,000905.SH,6055.2577,6055.2577
2023-07-05,000905.SH,6020.8212,6020.8212
2023-07-06,000905.SH,5988.5525,5988.5525
2023-07-07,000905.SH,5961.6057,5961.6057
2023-07-10,000905.SH,5984.2814,5984.2814
2023-07-11,000905.SH,6029.2318,6029.2318
2023-07-12,000905.SH,5962.7938,5962.7938
2023-07-13,000905.SH,6044.0583,6044.0583
2023-07-14,000905.SH,6030.5188,6030.5188
2023-07-17,000905.SH,6012.6895,6012.6895
2023-07-18,000905.SH,6001.7998,6001.7998
2023-07-19,000905.SH,5993.4126,5993.4126
2023-07-20,000905.SH,5925.4843,5925.4843
2023-07-21,000905.SH,5925.6255,5925.6255
2023-07-24,000905.SH,5916.7141,5916.7141
2023-07-25,000905.SH,6016.6312,6016.6312
2023-07-26,000905.SH,6001.5402,6001.5402
2023-07-27,000905.SH,5961.1843,5961.1843
2023-07-28,000905.SH,6043.2438,6043.2438
2023-07-31,000905.SH,6088.2431,6088.2431
2023-08-01,000905.SH,6098.8789,6098.8789
2023-08-02,000905.SH,6077.4645,6077.4645
2023-08-03,000905.SH,6098.6868,6098.6868
2023-08-04,000905.SH,6128.556,6128.556
2023-08-07,000905.SH,6090.7307,6090.7307
2023-08-08,000905.SH,6066.1019,6066.1019
2023-08-09,000905.SH,6021.7506,6021.7506
2023-08-10,000905.SH,6031.7105,6031.7105
2023-08-11,000905.SH,5913.3502,5913.3502
2023-08-14,000905.SH,5916.8029,5916.8029
2023-08-15,000905.SH,5879.7782,5879.7782
2023-08-16,000905.SH,5833.2155,5833.2155
2023-08-17,000905.SH,5874.3609,5874.3609
2023-08-18,000905.SH,5777.7972,5777.7972
2023-08-21,000905.SH,5710.7783,5710.7783
2023-08-22,000905.SH,5741.0606,5741.0606
2023-08-23,000905.SH,5629.4999,5629.4999
2023-08-24,000905.SH,5652.6729,5652.6729
2023-08-25,000905.SH,5581.2116,5581.2116
2023-08-28,000905.SH,5644.1405,5644.1405
2023-08-29,000905.SH,5770.3155,5770.3155
2023-08-30,000905.SH,5775.1534,5775.1534
2023-08-31,000905.SH,5739.3984,5739.3984
2023-09-01,000905.SH,5750.8027,5750.8027
2023-09-04,000905.SH,5829.784,5829.784
2023-09-05,000905.SH,5788.7149,5788.7149
2023-09-06,000905.SH,5790.3806,5790.3806
2023-09-07,000905.SH,5702.7008,5702.7008
2023-09-08,000905.SH,5708.6227,5708.6227
2023-09-11,000905.SH,5774.7305,5774.7305
2023-09-12,000905.SH,5770.9259,5770.9259
2023-09-13,000905.SH,5715.3973,5715.3973
2023-09-14,000905.SH,5702.102,5702.102
2023-09-15,000905.SH,5704.6632,5704.6632
2023-09-18,000905.SH,5719.6887,5719.6887
2023-09-19,000905.SH,5687.9007,5687.9007
2023-09-20,000905.SH,5651.0062,5651.0062
2023-09-21,000905.SH,5611.9186,5611.9186
2023-09-22,000905.SH,5698.8168,5698.8168
2023-09-25,000905.SH,5666.6642,5666.6642
2023-09-26,000905.SH,5646.6544,5646.6544
2023-09-27,000905.SH,5674.3451,5674.3451
2023-09-28,000905.SH,5690.7697,5690.7697
2023-10-09,000905.SH,5658.0832,5658.0832
2023-10-10,000905.SH,5630.3714,5630.3714
2023-10-11,000905.SH,5629.7886,5629.7886
2023-10-12,000905.SH,5671.6419,5671.6419
2023-10-13,000905.SH,5633.3831,5633.3831
2023-10-16,000905.SH,5580.6666,5580.6666
2023-10-17,000905.SH,5595.3423,5595.3423
2023-10-18,000905.SH,5524.5988,5524.5988
2023-10-19,000905.SH,5464.027,5464.027
2023-10-20,000905.SH,5423.6748,5423.6748
2023-10-23,000905.SH,5290.3343,5290.3343
2023-10-24,000905.SH,5352.0123,5352.0123
2023-10-25,000905.SH,5375.9983,5375.9983
2023-10-26,000905.SH,5398.934,5398.934
2023-10-27,000905.SH,5492.0274,5492.0274
2023-10-30,000905.SH,5546.3881,5546.3881
2023-10-31,000905.SH,5528.2385,5528.2385
2023-11-01,000905.SH,5509.9662,5509.9662
2023-11-02,000905.SH,5459.4517,5459.4517
2023-11-03,000905.SH,5510.357,5510.357
2023-11-06,000905.SH,5605.0621,5605.0621
2023-11-07,000905.SH,5611.0983,5611.0983
2023-11-08,000905.SH,5608.0173,5608.0173
2023-11-09,000905.SH,5592.0568,5592.0568
2023-11-10,000905.SH,5573.0999,5573.0999
2023-11-13,000905.SH,5605.5688,5605.5688
2023-11-14,000905.SH,5630.5534,5630.5534
2023-11-15,000905.SH,5664.617,5664.617
2023-11-16,000905.SH,5609.3607,5609.3607
2023-11-17,000905.SH,5631.4233,5631.4233
2023-11-20,000905.SH,5659.7727,5659.7727
2023-11-21,000905.SH,5641.0844,5641.0844
2023-11-22,000905.SH,5572.8986,5572.8986
2023-11-23,000905.SH,5622.9891,5622.9891
2023-11-24,000905.SH,5570.4205,5570.4205
2023-11-27,000905.SH,5566.5069,5566.5069
2023-11-28,000905.SH,5591.4955,5591.4955
2023-11-29,000905.SH,5553.3349,5553.3349
2023-11-30,000905.SH,5545.0504,5545.0504
2023-12-01,000905.SH,5566.8689,5566.8689
2023-12-04,000905.SH,5559.0682,5559.0682
2023-12-05,000905.SH,5460.4088,5460.4088
2023-12-06,000905.SH,5481.824,5481.824
2023-12-07,000905.SH,5481.1355,5481.1355
2023-12-08,000905.SH,5497.9897,5497.9897
2023-12-11,000905.SH,5564.8538,5564.8538
2023-12-12,000905.SH,5566.1778,5566.1778
2023-12-13,000905.SH,5507.5128,5507.5128
2023-12-14,000905.SH,5489.3267,5489.3267
2023-12-15,000905.SH,5449.7864,5449.7864
2023-12-18,000905.SH,5385.2702,5385.2702
2023-12-19,000905.SH,5379.8735,5379.8735
2023-12-20,000905.SH,5309.2865,5309.2865
2023-12-21,000905.SH,5338.762,5338.762
2023-12-22,000905.SH,5311.6902,5311.6902
2023-12-25,000905.SH,5315.3746,5315.3746
2023-12-26,000905.SH,5258.2841,5258.2841
2023-12-27,000905.SH,5285.5301,5285.5301
2023-12-28,000905.SH,5382.7966,5382.7966
2023-12-29,000905.SH,5429.2288,5429.2288
2024-01-02,000905.SH,5409.4554,5409.4554
2024-01-03,000905.SH,5401.395,5401.395
2024-01-04,000905.SH,5355.3216,5355.3216
2024-01-05,000905.SH,5281.8711,5281.8711
2024-01-08,000905.SH,5167.6997,5167.6997
2024-01-09,000905.SH,5180.653,5180.653
2024-01-10,000905.SH,5158.0784,5158.0784
2024-01-11,000905.SH,5223.8633,5223.8633
2024-01-12,000905.SH,5206.178,5206.178
2024-01-15,000905.SH,5193.2956,5193.2956
2024-01-16,000905.SH,5190.3975,5190.3975
2024-01-17,000905.SH,5061.5395,5061.5395
2024-01-18,000905.SH,5066.9579,5066.9579
2024-01-19,000905.SH,5018.4332,5018.4332
2024-01-22,000905.SH,4780.9748,4780.9748
2024-01-23,000905.SH,4865.743,4865.743
2024-01-24,000905.SH,4933.7009,4933.7009
2024-01-25,000905.SH,5073.1779,5073.1779
2024-01-26,000905.SH,5027.0932,5027.0932
2024-01-29,000905.SH,4927.9137,4927.9137
2024-01-30,000905.SH,4814.9908,4814.9908
2024-01-31,000905.SH,4696.9796,4696.9796
2024-02-01,000905.SH,4678.7308,4678.7308
2024-02-02,000905.SH,4563.2221,4563.2221
2024-02-05,000905.SH,4460.2635,4460.2635
2024-02-06,000905.SH,4805.9013,4805.9013
2024-02-07,000905.SH,5109.5685,5109.5685
2024-02-08,000905.SH,5150.2288,5150.2288
2024-02-19,000905.SH,5141.6037,5141.6037
2024-02-20,000905.SH,5140.9575,5140.9575
2024-02-21,000905.SH,5139.0372,5139.0372
2024-02-22,000905.SH,5176.3431,5176.3431
2024-02-23,000905.SH,5197.7115,5197.7115
2024-02-26,000905.SH,5195.4642,5195.4642
2024-02-27,000905.SH,5307.8043,5307.8043
2024-02-28,000905.SH,5184.0471,5184.0471
2024-02-29,000905.SH,5346.7929,5346.7929
2024-03-01,000905.SH,5379.0482,5379.0482
2024-03-04,000905.SH,5388.82,5388.82
2024-03-05,000905.SH,5351.8268,5351.8268
2024-03-06,000905.SH,5350.1016,5350.1016
2024-03-07,000905.SH,5277.2988,5277.2988
2024-03-08,000905.SH,5349.595,5349.595
2024-03-11,000905.SH,5441.0507,5441.0507
2024-03-12,000905.SH,5423.7183,5423.7183
2024-03-13,000905.SH,5415.1126,5415.1126
2024-03-14,000905.SH,5392.9267,5392.9267
2024-03-15,000905.SH,5454.1463,5454.1463
2024-03-18,000905.SH,5528.447,5528.447
2024-03-19,000905.SH,5478.2248,5478.2248
2024-03-20,000905.SH,5493.414,5493.414
2024-03-21,000905.SH,5465.8286,5465.8286
2024-03-22,000905.SH,5384.5656,5384.5656
2024-03-25,000905.SH,5294.7463,5294.7463
2024-03-26,000905.SH,5284.4188,5284.4188
2024-03-27,000905.SH,5156.684,5156.684
2024-03-28,000905.SH,5223.806,5223.806
2024-03-29,000905.SH,5286.1612,5286.1612
2024-04-01,000905.SH,5401.2249,5401.2249
2024-04-02,000905.SH,5381.2291,5381.2291
2024-04-03,000905.SH,5374.5954,5374.5954
2024-04-08,000905.SH,5298.5912,5298.5912
2024-04-09,000905.SH,5342.8982,5342.8982
2024-04-10,000905.SH,5275.4727,5275.4727
2024-04-11,000905.SH,5301.8094,5301.8094
2024-04-12,000905.SH,5277.219,5277.219
2024-04-15,000905.SH,5339.7223,5339.7223
2024-04-16,000905.SH,5191.554,5191.554
2024-04-17,000905.SH,5339.7467,5339.7467
2024-04-18,000905.SH,5349.8361,5349.8361
2024-04-19,000905.SH,5314.8667,5314.8667
2024-04-22,000905.SH,5267.5811,5267.5811
2024-04-23,000905.SH,5208.2712,5208.2712
2024-04-24,000905.SH,5263.0391,5263.0391
2024-04-25,000905.SH,5259.3354,5259.3354
2024-04-26,000905.SH,5372.1209,5372.1209
2024-04-29,000905.SH,5478.4908,5478.4908
2024-04-30,000905.SH,5441.1411,5441.1411
2024-05-06,000905.SH,5528.6036,5528.6036
2024-05-07,000905.SH,5527.0847,5527.0847
2024-05-08,000905.SH,5458.7559,5458.7559
2024-05-09,000905.SH,5556.7712,5556.7712
2024-05-10,000905.SH,5535.3954,5535.3954
2024-05-13,000905.SH,5505.2595,5505.2595
2024-05-14,000905.SH,5500.7379,5500.7379
2024-05-15,000905.SH,5446.6557,5446.6557
2024-05-16,000905.SH,5424.6652,5424.6652
2024-05-17,000905.SH,5491.8944,5491.8944
2024-05-20,000905.SH,5523.5013,5523.5013
2024-05-21,000905.SH,5478.9131,5478.9131
2024-05-22,000905.SH,5468.6068,5468.6068
2024-05-23,000905.SH,5362.3053,5362.3053
2024-05-24,000905.SH,5313.4546,5313.4546
2024-05-27,000905.SH,5371.3693,5371.3693
2024-05-28,000905.SH,5316.1286,5316.1286
2024-05-29,000905.SH,5328.3064,5328.3064
2024-05-30,000905.SH,5308.66,5308.66
2024-05-31,000905.SH,5308.5403,5308.5403
2024-06-03,000905.SH,5274.0687,5274.0687
2024-06-04,000905.SH,5341.9496,5341.9496
2024-06-05,000905.SH,5277.9405,5277.9405
2024-06-06,000905.SH,5228.8002,5228.8002
2024-06-07,000905.SH,5208.9798,5208.9798
2024-06-11,000905.SH,5217.4702,5217.4702
2024-06-12,000905.SH,5232.9534,5232.9534
2024-06-13,000905.SH,5194.59,5194.59
2024-06-14,000905.SH,5213.0927,5213.0927
2024-06-17,000905.SH,5207.128,5207.128
2024-06-18,000905.SH,5230.8913,5230.8913
2024-06-19,000905.SH,5168.8204,5168.8204
2024-06-20,000905.SH,5094.5653,5094.5653
2024-06-21,000905.SH,5102.3292,5102.3292
2024-06-24,000905.SH,4992.9097,4992.9097
2024-06-25,000905.SH,4948.6343,4948.6343
2024-06-26,000905.SH,5020.4318,5020.4318
2024-06-27,000905.SH,4928.0514,4928.0514
2024-06-28,000905.SH,4942.7817,4942.7817
2024-07-01,000905.SH,5003.1608,5003.1608
2024-07-02,000905.SH,4949.4771,4949.4771
2024-07-03,000905.SH,4910.9245,4910.9245
2024-07-04,000905.SH,4834.4982,4834.4982
2024-07-05,000905.SH,4866.2647,4866.2647
2024-07-08,000905.SH,4783.6165,4783.6165
2024-07-09,000905.SH,4876.899,4876.899
2024-07-10,000905.SH,4844.1624,4844.1624
2024-07-11,000905.SH,4939.7318,4939.7318
2024-07-12,000905.SH,4919.3639,4919.3639
2024-07-15,000905.SH,4883.8971,4883.8971
2024-07-16,000905.SH,4898.3626,4898.3626
2024-07-17,000905.SH,4856.5794,4856.5794
2024-07-18,000905.SH,4877.6916,4877.6916
2024-07-19,000905.SH,4872.0532,4872.0532
2024-07-22,000905.SH,4865.9778,4865.9778
2024-07-23,000905.SH,4722.7994,4722.7994
2024-07-24,000905.SH,4668.0621,4668.0621
2024-07-25,000905.SH,4665.4488,4665.4488
2024-07-26,000905.SH,4736.3771,4736.3771
2024-07-29,000905.SH,4708.8443,4708.8443
2024-07-30,000905.SH,4699.282,4699.282
2024-07-31,000905.SH,4886.4136,4886.4136
2024-08-01,000905.SH,4852.9725,4852.9725
2024-08-02,000905.SH,4788.6159,4788.6159
2024-08-05,000905.SH,4693.8478,4693.8478
2024-08-06,000905.SH,4750.776,4750.776
2024-08-07,000905.SH,4751.9408,4751.9408
2024-08-08,000905.SH,4755.8149,4755.8149
2024-08-09,000905.SH,4720.3104,4720.3104
2024-08-12,000905.SH,4714.1586,4714.1586
2024-08-13,000905.SH,4731.8353,4731.8353
2024-08-14,000905.SH,4667.0731,4667.0731
2024-08-15,000905.SH,4698.375,4698.375
2024-08-16,000905.SH,4670.3789,4670.3789
2024-08-19,000905.SH,4682.9628,4682.9628
2024-08-20,000905.SH,4602.0095,4602.0095
2024-08-21,000905.SH,4587.1218,4587.1218
2024-08-22,000905.SH,4533.3695,4533.3695
2024-08-23,000905.SH,4537.0872,4537.0872
2024-08-26,000905.SH,4544.3594,4544.3594
2024-08-27,000905.SH,4495.2856,4495.2856
2024-08-28,000905.SH,4500.0088,4500.0088
2024-08-29,000905.SH,4557.9006,4557.9006
2024-08-30,000905.SH,4639.1144,4639.1144
2024-09-02,000905.SH,4546.8832,4546.8832
2024-09-03,000905.SH,4596.4819,4596.4819
2024-09-04,000905.SH,4582.084,4582.084
2024-09-05,000905.SH,4601.0911,4601.0911
2024-09-06,000905.SH,4537.4544,4537.4544
2024-09-09,000905.SH,4507.1866,4507.1866
2024-09-10,000905.SH,4507.7074,4507.7074
2024-09-11,000905.SH,4514.9158,4514.9158
2024-09-12,000905.SH,4496.5919,4496.5919
2024-09-13,000905.SH,4450.9587,4450.9587
2024-09-18,000905.SH,4462.8701,4462.8701
2024-09-19,000905.SH,4520.3939,4520.3939
2024-09-20,000905.SH,4498.3901,4498.3901
2024-09-23,000905.SH,4494.6878,4494.6878
2024-09-24,000905.SH,4689.5964,4689.5964
2024-09-25,000905.SH,4731.4755,4731.4755
2024-09-26,000905.SH,4938.1839,4938.1839
2024-09-27,000905.SH,5201.6656,5201.6656
2024-09-30,000905.SH,5743.217,5743.217
2024-10-08,000905.SH,6155.5817,6155.5817
2024-10-09,000905.SH,5735.641,5735.641
2024-10-10,000905.SH,5690.8822,5690.8822
2024-10-11,000905.SH,5470.8133,5470.8133
2024-10-14,000905.SH,5608.153,5608.153
2024-10-15,000905.SH,5472.56,5472.56
2024-10-16,000905.SH,5461.0877,5461.0877
2024-10-17,000905.SH,5418.9883,5418.9883
2024-10-18,000905.SH,5640.0198,5640.0198
2024-10-21,000905.SH,5704.225,5704.225
2024-10-22,000905.SH,5753.8497,5753.8497
2024-10-23,000905.SH,5776.383,5776.383
2024-10-24,000905.SH,5726.7041,5726.7041
2024-10-25,000905.SH,5809.6879,5809.6879
2024-10-28,000905.SH,5883.7203,5883.7203
2024-10-29,000905.SH,5812.5286,5812.5286
2024-10-30,000905.SH,5837.9338,5837.9338
2024-10-31,000905.SH,5901.2904,5901.2904
2024-11-01,000905.SH,5831.8217,5831.8217
2024-11-04,000905.SH,5928.9085,5928.9085
2024-11-05,000905.SH,6111.9707,6111.9707
2024-11-06,000905.SH,6125.7868,6125.7868
2024-11-07,000905.SH,6239.5598,6239.5598
2024-11-08,000905.SH,6222.445,6222.445
2024-11-11,000905.SH,6330.6152,6330.6152
2024-11-12,000905.SH,6263.883,6263.883
2024-11-13,000905.SH,6259.8412,6259.8412
2024-11-14,000905.SH,6078.3051,6078.3051
2024-11-15,000905.SH,5924.4834,5924.4834
2024-11-18,000905.SH,5833.0358,5833.0358
2024-11-19,000905.SH,5936.6015,5936.6015
2024-11-20,000905.SH,5992.3904,5992.3904
2024-11-21,000905.SH,5985.3128,5985.3128
2024-11-22,000905.SH,5750.2457,5750.2457
2024-11-25,000905.SH,5735.6493,5735.6493
2024-11-26,000905.SH,5690.4792,5690.4792
2024-11-27,000905.SH,5804.9368,5804.9368
2024-11-28,000905.SH,5757.5965,5757.5965
2024-11-29,000905.SH,5851.9385,5851.9385
2024-12-02,000905.SH,5943.6245,5943.6245
2024-12-03,000905.SH,5932.1207,5932.1207
2024-12-04,000905.SH,5879.2695,5879.2695
2024-12-05,000905.SH,5901.9859,5901.9859
2024-12-06,000905.SH,5979.197,5979.197
2024-12-09,000905.SH,5947.1089,5947.1089
2024-12-10,000905.SH,5992.0937,5992.0937
2024-12-11,000905.SH,6047.105,6047.105
2024-12-12,000905.SH,6100.3945,6100.3945
2024-12-13,000905.SH,5988.292,5988.292
2024-12-16,000905.SH,5912.6014,5912.6014
2024-12-17,000905.SH,5848.1628,5848.1628
2024-12-18,000905.SH,5888.6162,5888.6162
2024-12-19,000905.SH,5901.9155,5901.9155
2024-12-20,000905.SH,5917.1751,5917.1751
2024-12-23,000905.SH,5818.551,5818.551
2024-12-24,000905.SH,5895.2595,5895.2595
2024-12-25,000905.SH,5840.2889,5840.2889
2024-12-26,000905.SH,5887.0605,5887.0605
2024-12-27,000905.SH,5899.1665,5899.1665
2024-12-30,000905.SH,5898.884,5898.884
2024-12-31,000905.SH,5725.7324,5725.7324
2025-01-02,000905.SH,5545.8174,5545.8174
2025-01-03,000905.SH,5427.8041,5427.8041
2025-01-06,000905.SH,5427.1007,5427.1007
2025-01-07,000905.SH,5484.6847,5484.6847
2025-01-08,000905.SH,5461.5861,5461.5861
2025-01-09,000905.SH,5456.5863,5456.5863
2025-01-10,000905.SH,5369.2811,5369.2811
2025-01-13,000905.SH,5381.6974,5381.6974
2025-01-14,000905.SH,5572.2722,5572.2722
2025-01-15,000905.SH,5522.459,5522.459
2025-01-16,000905.SH,5545.6336,5545.6336
2025-01-17,000905.SH,5587.2939,5587.2939
2025-01-20,000905.SH,5614.3311,5614.3311
2025-01-21,000905.SH,5633.9249,5633.9249
2025-01-22,000905.SH,5607.0594,5607.0594
2025-01-23,000905.SH,5584.2548,5584.2548
2025-01-24,000905.SH,5649.9504,5649.9504
2025-01-27,000905.SH,5589.3432,5589.3432
2025-02-05,000905.SH,5614.3872,5614.3872
2025-02-06,000905.SH,5747.9012,5747.9012
2025-02-07,000905.SH,5833.9883,5833.9883
2025-02-10,000905.SH,5888.5509,5888.5509
2025-02-11,000905.SH,5858.2805,5858.2805
2025-02-12,000905.SH,5940.5299,5940.5299
2025-02-13,000905.SH,5898.2611,5898.2611
2025-02-14,000905.SH,5947.796,5947.796
2025-02-17,000905.SH,5948.7197,5948.7197
2025-02-18,000905.SH,5840.7112,5840.7112
2025-02-19,000905.SH,5943.8823,5943.8823
2025-02-20,000905.SH,5957.5465,5957.5465
2025-02-21,000905.SH,6057.0648,6057.0648
2025-02-24,000905.SH,6044.973,6044.973
2025-02-25,000905.SH,5979.9653,5979.9653
2025-02-26,000905.SH,6051.7401,6051.7401
2025-02-27,000905.SH,6028.9856,6028.9856
2025-02-28,000905.SH,5859.8708,5859.8708
2025-03-03,000905.SH,5885.7696,5885.7696
2025-03-04,000905.SH,5937.6302,5937.6302
2025-03-05,000905.SH,5950.7034,5950.7034
2025-03-06,000905.SH,6047.7734,6047.7734
2025-03-07,000905.SH,6013.7747,6013.7747
2025-03-10,000905.SH,6013.6191,6013.6191
2025-03-11,000905.SH,6044.9742,6044.9742
2025-03-12,000905.SH,6040.4965,6040.4965
2025-03-13,000905.SH,5993.967,5993.967
2025-03-14,000905.SH,6099.9809,6099.9809
2025-03-17,000905.SH,6108.0176,6108.0176
2025-03-18,000905.SH,6133.3018,6133.3018
2025-03-19,000905.SH,6101.4369,6101.4369
2025-03-20,000905.SH,6059.4859,6059.4859
2025-03-21,000905.SH,5971.9302,5971.9302
2025-03-24,000905.SH,5969.0789,5969.0789
2025-03-25,000905.SH,5946.951,5946.951
2025-03-26,000905.SH,5948.4986,5948.4986
2025-03-27,000905.SH,5957.6017,5957.6017
2025-03-28,000905.SH,5916.0314,5916.0314
2025-03-31,000905.SH,5857.7721,5857.7721
2025-04-01,000905.SH,5892.8502,5892.8502
2025-04-02,000905.SH,5899.0865,5899.0865
2025-04-03,000905.SH,5845.5045,5845.5045
2025-04-07,000905.SH,5287.0333,5287.0333
2025-04-08,000905.SH,5326.914,5326.914
2025-04-09,000905.SH,5439.7716,5439.7716
2025-04-10,000905.SH,5544.0646,5544.0646
2025-04-11,000905.SH,5581.3184,5581.3184
2025-04-14,000905.SH,5627.1375,5627.1375
2025-04-15,000905.SH,5602.534,5602.534
2025-04-16,000905.SH,5556.8642,5556.8642
2025-04-17,000905.SH,5557.0105,5557.0105
2025-04-18,000905.SH,5560.7207,5560.7207
2025-04-21,000905.SH,5642.3805,5642.3805
2025-04-22,000905.SH,5624.209,5624.209
2025-04-23,000905.SH,5634.9487,5634.9487
2025-04-24,000905.SH,5605.8796,5605.8796
2025-04-25,000905.SH,5627.1804,5627.1804
2025-04-28,000905.SH,5598.2951,5598.2951
2025-04-29,000905.SH,5604.9057,5604.9057
2025-04-30,000905.SH,5631.8249,5631.8249
2025-05-06,000905.SH,5740.3338,5740.3338
2025-05-07,000905.SH,5750.2911,5750.2911
2025-05-08,000905.SH,5773.8056,5773.8056
2025-05-09,000905.SH,5721.7225,5721.7225
2025-05-12,000905.SH,5793.6743,5793.6743
2025-05-13,000905.SH,5781.6683,5781.6683
2025-05-14,000905.SH,5799.1191,5799.1191
2025-05-15,000905.SH,5715.2966,5715.2966
2025-05-16,000905.SH,5715.8491,5715.8491
2025-05-19,000905.SH,5720.7949,5720.7949
2025-05-20,000905.SH,5747.367,5747.367
2025-05-21,000905.SH,5757.9225,5757.9225
2025-05-22,000905.SH,5703.2797,5703.2797
2025-05-23,000905.SH,5653.0436,5653.0436
2025-05-26,000905.SH,5669.4609,5669.4609
2025-05-27,000905.SH,5652.1454,5652.1454
2025-05-28,000905.SH,5637.2378,5637.2378
2025-05-29,000905.SH,5719.9101,5719.9101
2025-05-30,000905.SH,5671.0723,5671.0723
2025-06-03,000905.SH,5694.8385,5694.8385
2025-06-04,000905.SH,5739.0058,5739.0058
2025-06-05,000905.SH,5769.9675,5769.9675
2025-06-06,000905.SH,5762.0778,5762.0778
2025-06-09,000905.SH,5805.6543,5805.6543
2025-06-10,000905.SH,5757.9921,5757.9921
2025-06-11,000905.SH,5792.9464,5792.9464
2025-06-12,000905.SH,5799.9319,5799.9319
2025-06-13,000905.SH,5740.2397,5740.2397
2025-06-16,000905.SH,5767.8083,5767.8083
2025-06-17,000905.SH,5750.9122,5750.9122
2025-06-18,000905.SH,5745.8714,5745.8714
2025-06-19,000905.SH,5676.8317,5676.8317
2025-06-20,000905.SH,5639.513,5639.513
2025-06-23,000905.SH,5674.1704,5674.1704
2025-06-24,000905.SH,5765.8373,5765.8373
2025-06-25,000905.SH,5862.5529,5862.5529
2025-06-26,000905.SH,5838.2454,5838.2454
2025-06-27,000905.SH,5863.7282,5863.7282
2025-06-30,000905.SH,5915.3876,5915.3876
2025-07-01,000905.SH,5934.67,5934.67
2025-07-02,000905.SH,5892.9505,5892.9505
2025-07-03,000905.SH,5922.66,5922.66
2025-07-04,000905.SH,5911.4352,5911.4352
2025-07-07,000905.SH,5900.4056,5900.4056
2025-07-08,000905.SH,5977.7437,5977.7437
2025-07-09,000905.SH,5953.4871,5953.4871
2025-07-10,000905.SH,5983.0505,5983.0505
2025-07-11,000905.SH,6027.0789,6027.0789
2025-07-14,000905.SH,6020.8585,6020.8585
2025-07-15,000905.SH,6018.7583,6018.7583
2025-07-16,000905.SH,6017.1947,6017.1947
2025-07-17,000905.SH,6082.4644,6082.4644
2025-07-18,000905.SH,6099.6104,6099.6104
2025-07-21,000905.SH,6161.3086,6161.3086
2025-07-22,000905.SH,6213.4072,6213.4072
2025-07-23,000905.SH,6196.7577,6196.7577
2025-07-24,000905.SH,6293.5984,6293.5984
2025-07-25,000905.SH,6299.5908,6299.5908
2025-07-28,000905.SH,6323.4198,6323.4198
2025-07-29,000905.SH,6356.1327,6356.1327
2025-07-30,000905.SH,6314.6873,6314.6873
2025-07-31,000905.SH,6226.3432,6226.3432
2025-08-01,000905.SH,6213.2014,6213.2014
2025-08-04,000905.SH,6261.7313,6261.7313
2025-08-05,000905.SH,6303.2359,6303.2359
2025-08-06,000905.SH,6357.3769,6357.3769
2025-08-07,000905.SH,6337.5425,6337.5425
2025-08-08,000905.SH,6323.4999,6323.4999
2025-08-11,000905.SH,6391.7595,6391.7595
2025-08-12,000905.SH,6418.1595,6418.1595
2025-08-13,000905.SH,6508.0978,6508.0978
2025-08-14,000905.SH,6429.8462,6429.8462
2025-08-15,000905.SH,6568.57,6568.57
2025-08-18,000905.SH,6668.1726,6668.1726
2025-08-19,000905.SH,6655.3105,6655.3105
2025-08-20,000905.SH,6728.0692,6728.0692
2025-08-21,000905.SH,6704.1657,6704.1657
2025-08-22,000905.SH,6822.8469,6822.8469
2025-08-25,000905.SH,6951.8955,6951.8955
2025-08-26,000905.SH,6964.0653,6964.0653
2025-08-27,000905.SH,6862.5624,6862.5624
2025-08-28,000905.SH,7011.1602,7011.1602
2025-08-29,000905.SH,7043.9416,7043.9416
2025-09-01,000905.SH,7110.2882,7110.2882
2025-09-02,000905.SH,6961.6894,6961.6894
2025-09-03,000905.SH,6868.4615,6868.4615
2025-09-04,000905.SH,6698.4474,6698.4474
2025-09-05,000905.SH,6913.9532,6913.9532
2025-09-08,000905.SH,6992.1169,6992.1169
2025-09-09,000905.SH,6928.9651,6928.9651
2025-09-10,000905.SH,6932.1092,6932.1092
2025-09-11,000905.SH,7122.7051,7122.7051
2025-09-12,000905.SH,7147.7489,7147.7489
2025-09-15,000905.SH,7137.3627,7137.3627
2025-09-16,000905.SH,7190.9928,7190.9928
2025-09-17,000905.SH,7260.0353,7260.0353
2025-09-18,000905.SH,7199.8828,7199.8828
2025-09-19,000905.SH,7170.3488,7170.3488
2025-09-22,000905.SH,7225.1281,7225.1281
2025-09-23,000905.SH,7180.7137,7180.7137
2025-09-24,000905.SH,7323.7093,7323.7093
2025-09-25,000905.SH,7341.3238,7341.3238
2025-09-26,000905.SH,7240.9114,7240.9114
2025-09-29,000905.SH,7350.5599,7350.5599
2025-09-30,000905.SH,7412.3684,7412.3684
2025-10-09,000905.SH,7548.9226,7548.9226
2025-10-10,000905.SH,7398.2241,7398.2241
2025-10-13,000905.SH,7376.5636,7376.5636
2025-10-14,000905.SH,7194.8509,7194.8509
2025-10-15,000905.SH,7294.0014,7294.0014
2025-10-16,000905.SH,7231.5336,7231.5336
2025-10-17,000905.SH,7016.0661,7016.0661
2025-10-20,000905.SH,7069.6412,7069.6412
2025-10-21,000905.SH,7185.624,7185.624
2025-10-22,000905.SH,7128.4776,7128.4776
2025-10-23,000905.SH,7142.9536,7142.9536
2025-10-24,000905.SH,7258.5343,7258.5343
2025-10-27,000905.SH,7379.3941,7379.3941
2025-10-28,000905.SH,7341.0304,7341.0304
2025-10-29,000905.SH,7480.9666,7480.9666
2025-10-30,000905.SH,7385.7109,7385.7109
2025-10-31,000905.SH,7331.0031,7331.0031
2025-11-03,000905.SH,7333.6013,7333.6013
2025-11-04,000905.SH,7210.8253,7210.8253
2025-11-05,000905.SH,7229.341,7229.341
2025-11-06,000905.SH,7345.723,7345.723
2025-11-07,000905.SH,7327.9108,7327.9108
2025-11-10,000905.SH,7343.8017,7343.8017
2025-11-11,000905.SH,7291.6084,7291.6084
2025-11-12,000905.SH,7243.2483,7243.2483
2025-11-13,000905.SH,7355.2911,7355.2911
2025-11-14,000905.SH,7235.4617,7235.4617
2025-11-17,000905.SH,7235.3512,7235.3512
2025-11-18,000905.SH,7151.0176,7151.0176
2025-11-19,000905.SH,7122.7465,7122.7465
2025-11-20,000905.SH,7061.9497,7061.9497
2025-11-21,000905.SH,6817.4103,6817.4103
2025-11-24,000905.SH,6868.9664,6868.9664
2025-11-25,000905.SH,6954.6034,6954.6034
2025-11-26,000905.SH,6965.0453,6965.0453
2025-11-27,000905.SH,6951.2844,6951.2844
2025-11-28,000905.SH,7031.5505,7031.5505
2025-12-01,000905.SH,7101.8323,7101.8323
2025-12-02,000905.SH,7040.3008,7040.3008
2025-12-03,000905.SH,6996.3552,6996.3552
2025-12-04,000905.SH,7012.8061,7012.8061
2025-12-05,000905.SH,7097.8389,7097.8389
2025-12-08,000905.SH,7172.3671,7172.3671
2025-12-09,000905.SH,7121.3256,7121.3256
2025-12-10,000905.SH,7155.9944,7155.9944
2025-12-11,000905.SH,7082.8932,7082.8932
2025-12-12,000905.SH,7169.791,7169.791
2025-12-15,000905.SH,7113.962,7113.962
2025-12-16,000905.SH,7001.3188,7001.3188
2025-12-17,000905.SH,7137.8339,7137.8339
2025-12-18,000905.SH,7100.8359,7100.8359
2025-12-19,000905.SH,7169.5511,7169.5511
2025-12-22,000905.SH,7255.6607,7255.6607
2025-12-23,000905.SH,7256.7864,7256.7864
2025-12-24,000905.SH,7352.0396,7352.0396
2025-12-25,000905.SH,7410.7119,7410.7119
2025-12-26,000905.SH,7458.8386,7458.8386
2025-12-29,000905.SH,7430.6147,7430.6147
2025-12-30,000905.SH,7458.936,7458.936
2025-12-31,000905.SH,7465.5742,7465.5742
2026-01-05,000905.SH,7651.1981,7651.1981
2026-01-06,000905.SH,7814.1356,7814.1356
2026-01-07,000905.SH,7875.0822,7875.0822
2026-01-08,000905.SH,7894.5447,7894.5447
2026-01-09,000905.SH,8056.6858,8056.6858
2026-01-12,000905.SH,8249.1275,8249.1275
2026-01-13,000905.SH,8143.28,8143.28
2026-01-14,000905.SH,8227.697,8227.697
2026-01-15,000905.SH,8223.2683,8223.2683
2026-01-16,000905.SH,8232.674,8232.674
2026-01-19,000905.SH,8287.947,8287.947
2026-01-20,000905.SH,8247.8049,8247.8049
2026-01-21,000905.SH,8340.1133,8340.1133
2026-01-22,000905.SH,8387.595,8387.595
2026-01-23,000905.SH,8590.1659,8590.1659
2026-01-26,000905.SH,8506.6932,8506.6932
2026-01-27,000905.SH,8548.9321,8548.9321
2026-01-28,000905.SH,8601.1644,8601.1644
2026-01-29,000905.SH,8517.8429,8517.8429
2026-01-30,000905.SH,8370.5203,8370.5203
2026-02-02,000905.SH,8037.0456,8037.0456
2026-02-03,000905.SH,8286.7005,8286.7005
2026-02-04,000905.SH,8299.0574,8299.0574
2026-02-05,000905.SH,8146.1073,8146.1073
2026-02-06,000905.SH,8146.4128,8146.4128
2026-02-09,000905.SH,8311.2829,8311.2829
2026-02-10,000905.SH,8306.4448,8306.4448
2026-02-11,000905.SH,8325.8107,8325.8107
2026-02-12,000905.SH,8423.5695,8423.5695
2026-02-13,000905.SH,8299.585,8299.585
2026-02-24,000905.SH,8392.9098,8392.9098
2026-02-25,000905.SH,8527.5593,8527.5593
2026-02-26,000905.SH,8557.216,8557.216
2026-02-27,000905.SH,8658.4503,8658.4503
2026-03-02,000905.SH,8658.3336,8658.3336
2026-03-03,000905.SH,8281.6139,8281.6139
2026-03-04,000905.SH,8248.945,8248.945
2026-03-05,000905.SH,8309.1713,8309.1713
2026-03-06,000905.SH,8360.3347,8360.3347
2026-03-09,000905.SH,8279.4811,8279.4811
2026-03-10,000905.SH,8410.303,8410.303
2026-03-11,000905.SH,8403.3296,8403.3296
2026-03-12,000905.SH,8359.4721,8359.4721
2026-03-13,000905.SH,8239.798,8239.798
2026-03-16,000905.SH,8185.152,8185.152
2026-03-17,000905.SH,8016.0262,8016.0262
2026-03-18,000905.SH,8096.4276,8096.4276
2026-03-19,000905.SH,7877.09,7877.09
2026-03-20,000905.SH,7760.0365,7760.0365
2026-03-23,000905.SH,7440.7451,7440.7451
2026-03-24,000905.SH,7597.3732,7597.3732
2026-03-25,000905.SH,7767.6654,7767.6654
2026-03-26,000905.SH,7642.1302,7642.1302
2026-03-27,000905.SH,7737.6144,7737.6144
2026-03-30,000905.SH,7753.7234,7753.7234
2026-03-31,000905.SH,7617.3262,7617.3262
2026-04-01,000905.SH,7750.0924,7750.0924
2026-04-02,000905.SH,7605.2932,7605.2932
2026-04-03,000905.SH,7534.938,7534.938
2026-04-07,000905.SH,7571.1106,7571.1106
2026-04-08,000905.SH,7945.1527,7945.1527
2026-04-09,000905.SH,7898.6329,7898.6329
2026-04-10,000905.SH,7969.3646,7969.3646
2026-04-13,000905.SH,7967.697,7967.697
2026-04-14,000905.SH,8088.5687,8088.5687
2026-04-15,000905.SH,8044.0773,8044.0773
2026-04-16,000905.SH,8180.0815,8180.0815
2026-04-17,000905.SH,8214.1939,8214.1939
2026-04-20,000905.SH,8290.0224,8290.0224
2026-04-21,000905.SH,8270.3266,8270.3266
2026-04-22,000905.SH,8376.1808,8376.1808
2026-04-23,000905.SH,8295.207,8295.207
2026-04-24,000905.SH,8247.8759,8247.8759
2026-04-27,000905.SH,8299.0486,8299.0486
2026-04-28,000905.SH,8203.9614,8203.9614
2026-04-29,000905.SH,8342.4217,8342.4217
2026-04-30,000905.SH,8349.5081,8349.5081
2026-05-06,000905.SH,8588.4399,8588.4399
2026-05-07,000905.SH,8696.7989,8696.7989
2026-05-08,000905.SH,8694.1709,8694.1709
2026-05-11,000905.SH,8839.7415,8839.7415
2026-05-12,000905.SH,8785.9791,8785.9791
2026-05-13,000905.SH,8918.239,8918.239
2026-05-14,000905.SH,8670.1574,8670.1574
2026-05-15,000905.SH,8536.3444,8536.3444
2026-05-18,000905.SH,8554.2372,8554.2372
2026-05-19,000905.SH,8627.9461,8627.9461
2026-05-20,000905.SH,8656.3062,8656.3062
2026-05-21,000905.SH,8419.8373,8419.8373
2026-05-22,000905.SH,8576.9402,8576.9402
2026-05-25,000905.SH,8703.8901,8703.8901
2026-05-26,000905.SH,8658.6192,8658.6192
2026-05-27,000905.SH,8530.9802,8530.9802
2026-05-28,000905.SH,8563.2218,8563.2218
2026-05-29,000905.SH,8359.5596,8359.5596
2026-06-01,000905.SH,8274.212,8274.212
2026-06-02,000905.SH,8321.4347,8321.4347
2026-06-03,000905.SH,8362.156,8362.156
2026-06-04,000905.SH,8356.7444,8356.7444
2026-06-05,000905.SH,8251.1407,8251.1407
2026-06-08,000905.SH,7963.4529,7963.4529
2026-06-09,000905.SH,8176.1785,8176.1785
2026-06-10,000905.SH,8063.8637,8063.8637
2026-06-11,000905.SH,8035.7788,8035.7788
2026-06-12,000905.SH,8106.203,8106.203
2026-06-15,000905.SH,8406.7479,8406.7479
2026-06-16,000905.SH,8507.9799,8507.9799
2026-06-17,000905.SH,8627.0862,8627.0862
2026-06-18,000905.SH,8673.0899,8673.0899
2026-06-22,000905.SH,8868.782,8868.782
2026-06-23,000905.SH,8688.5923,8688.5923
2026-06-24,000905.SH,8842.9378,8842.9378
2026-06-25,000905.SH,8938.0113,8938.0113
2026-06-26,000905.SH,8703.5652,8703.5652
2026-06-29,000905.SH,8821.0944,8821.0944
2026-06-30,000905.SH,9031.3788,9031.3788
2026-07-01,000905.SH,9028.9326,9028.9326
2026-07-02,000905.SH,8694.1756,8694.1756
2026-07-03,000905.SH,8745.2607,8745.2607
2026-07-06,000905.SH,8651.1339,8651.1339
2026-07-07,000905.SH,8508.7885,8508.7885
2026-07-08,000905.SH,8390.0194,8390.0194
2026-07-09,000905.SH,8652.787,8652.787
2026-07-10,000905.SH,8503.9705,8503.9705
2026-07-13,000905.SH,8138.1443,8138.1443
2026-07-14,000905.SH,8275.9388,8275.9388
2026-07-15,000905.SH,8147.5786,8147.5786
2026-07-16,000905.SH,7955.6635,7955.6635
2026-07-17,000905.SH,7513.7627,7513.7627
2026-07-20,000905.SH,7411.3134,7411.3134
2026-07-21,000905.SH,7800.6085,7800.6085
2026-07-22,000905.SH,7751.6618,7751.6618
2026-07-23,000905.SH,7734.31,7734.31
2026-07-24,000905.SH,7532.7006,7532.7006
2026-07-27,000905.SH,7720.5975,7720.5975
2026-07-28,000905.SH,7443.4332,7443.4332
2026-07-29,000905.SH,7524.5075,7524.5075
2026-07-30,000905.SH,7309.5753,7309.5753
2026-07-31,000905.SH,7493.985,7493.985
2026-08-03,000905.SH,7414.5227,7414.5227
2026-08-04,000905.SH,7607.4867,7607.4867
2026-08-05,000905.SH,7809.2065,7809.2065
2026-08-06,000905.SH,7829.3615,7829.3615
2026-08-07,000905.SH,7980.1245,7980.1245
2026-08-10,000905.SH,8030.9483,8030.9483
2026-08-11,000905.SH,7967.5386,7967.5386
2026-08-12,000905.SH,8045.3099,8045.3099
2026-08-13,000905.SH,7968.3809,7968.3809
2026-08-14,000905.SH,7990.3277,7990.3277
2026-08-17,000905.SH,8184.6407,8184.6407
2026-08-18,000905.SH,8177.1762,8177.1762
2026-08-19,000905.SH,7783.4558,7783.4558
2026-08-20,000905.SH,7850.4006,7850.4006
2026-08-21,000905.SH,7854.3336,7854.3336
2026-08-24,000905.SH,7717.0851,7717.0851
2026-08-25,000905.SH,7710.9365,7710.9365
2026-08-26,000905.SH,7770.5347,7770.5347
2026-08-27,000905.SH,7946.3255,7946.3255
2026-08-28,000905.SH,7895.4511,7895.4511
2026-08-31,000905.SH,7952.0986,7952.0986
2026-09-01,000905.SH,7858.5176,7858.5176
